{"_step":9,"_wandb":{"runtime":26},"16_loss":5.643123149871826,"learning_rate":0.0001,"train_equation_loss":1.3905332326889037,"n_params":671113,"_timestamp":1.7708605767475064e+09,"_runtime":26,"weight_ic":1.0127191543579102,"weight_equation":1.0079792737960815,"train_loss":7.232116179466248,"train_ic_loss":0.41748529851436617,"train_l2_loss":5.992580585479736,"weight_l2":0.9793014526367188}