{"weight_l2":0.5509353876113892,"_wandb":{"runtime":22},"n_params":671113,"train_loss":7.179617528915405,"_step":9,"_timestamp":1.7708612997958877e+09,"weight_ic":0.42873767018318176,"16_loss":6.108651161193848,"train_equation_loss":1.3068458831310272,"train_l2_loss":6.442356586456299,"weight_equation":2.020326852798462,"learning_rate":0.0001,"_runtime":22,"train_ic_loss":0.49564753532409667}