{"train_err":13.299574608243415,"_wandb":{"runtime":21},"_runtime":21.9005832,"lr":0.001,"_timestamp":1.7709509071972637e+09,"avg_loss":0.8312234130152134,"_step":1,"n_params":153257,"time":15.796901700000035}